slot,model_id,display_name,public_scope,validation_scope,path
1,motioncraft,MotionCraft,reference_guides_and_original_scripts,historical_workflow_only,models/motioncraft
2,gem,GEM,reference_guides_scripts_constructed_inputs_and_results,historical_75_task_checks_not_publicly_rerunnable,models/gem
3,language_of_motion,Language of Motion,reference_guides_and_original_tools,historical_sample_checks_not_publicly_rerunnable,models/language_of_motion
4,listen_denoise_action,ListenDenoiseAction,original_adapters_and_reference_guides,historical_one_smoke_external_dependencies,models/listen_denoise_action
5,textop,TextOp,reference_guides_checker_and_text_inputs,historical_existing_environment_checks,models/textop
6,uh1,UH-1,reference_guides_and_text_inputs,historical_four_smokes_source_external,models/uh1
7,uniact,UniAct,reference_guides_and_original_tools,historical_sample_checks_not_publicly_rerunnable,models/uniact
8,video2robot,video2robot,reference_guides_and_original_scripts,historical_one_full_run_source_external,models/video2robot
9,bfm_zero,BFM-Zero,reference_guides_and_provenance,historical_numeric_checks_adapter_unpublished,models/bfm_zero
