task,sample_id,source_relpath,bytes,sha256,nonempty_lines,placeholder_instruction,placeholder_line
TXT_FORE,L1_TXT_FORE_wKH4hW8VQa8_00089_0_221,TXT_FORE/L1_TXT_FORE_wKH4hW8VQa8_00089_0_221.txt,111,3e6e21f6fbe2e1d8b9e2669629e1a9b1959d7f920171ef751f0b868ca7328a7c,4,Generate smooth future motion,4
TXT_FORE,L1_TXT_FORE_018GeKRWTmY_00017_0_462,TXT_FORE/L1_TXT_FORE_018GeKRWTmY_00017_0_462.txt,215,d4b7b82b86e2d6c40e14ffb3681e7924459ff5120d398e04935f883f4aa2ffcd,7,Generate smooth future motion,7
TXT_FORE,L1_TXT_FORE_knyyiMqBcMw_00003_150_451,TXT_FORE/L1_TXT_FORE_knyyiMqBcMw_00003_150_451.txt,191,b33e5e9f718336764e464f41346d33c4c3c099b608f4bce02191954fd6391a84,7,Generate smooth future motion,7
TXT_FORE,L1_TXT_FORE_M6GEGO3F2A8_00013_43_269,TXT_FORE/L1_TXT_FORE_M6GEGO3F2A8_00013_43_269.txt,199,e5dad8f2f50f4e717290184600a8898589cbf162f0ace2f427766c645f84ea35,7,Generate smooth future motion,7
TXT_FORE,L1_TXT_FORE_jjk7GL32SGw_00053_0_162,TXT_FORE/L1_TXT_FORE_jjk7GL32SGw_00053_0_162.txt,186,da408572103d0210dfc028eb3758b64ac44eb9470ade6779471af9aa86feffe7,6,Generate smooth future motion,6
TXT_FORE,L1_TXT_FORE_IJ-Te-dWRws_00024_0_286,TXT_FORE/L1_TXT_FORE_IJ-Te-dWRws_00024_0_286.txt,243,525d88be355041223b7cfe23a0195ad7bd3c619cd08507421d13949d0d3fef3d,7,Generate smooth future motion,7
TXT_FORE,L1_TXT_FORE_JdU9_yDGLSg_00080_0_62,TXT_FORE/L1_TXT_FORE_JdU9_yDGLSg_00080_0_62.txt,277,77a78543bf0c1090509e9b7a542b062dc7800dd7572f426c6815f58b3a086ea3,7,Generate smooth future motion,7
TXT_FORE,L1_TXT_FORE_rI0vKhJjDrs_00000_190_304,TXT_FORE/L1_TXT_FORE_rI0vKhJjDrs_00000_190_304.txt,196,033768a5bd48529e273405634760fc303affed2deea8c6cb741ff3cddc83574e,7,Generate smooth future motion,7
TXT_FORE,L1_TXT_FORE_rBhaXP2FNeg_00022_0_89,TXT_FORE/L1_TXT_FORE_rBhaXP2FNeg_00022_0_89.txt,209,b77f28e9d82a4f3b4c4a77b3b266158993d002ef0407b64dad762fd8970583fd,7,Generate smooth future motion,7
TXT_FORE,L1_TXT_FORE_HggKGLRcebo_00002_0_186,TXT_FORE/L1_TXT_FORE_HggKGLRcebo_00002_0_186.txt,231,7c9fac4c4e5f02eb6039db824bce84374909efa45983a8a41cd81ffabf5175df,7,Generate smooth future motion,7
TXT_INTER,L1_TXT_INTER_rV_2eyCKZYo_00014_33_131,TXT_INTER/L1_TXT_INTER_rV_2eyCKZYo_00014_33_131.txt,248,c420a086f4f2e629a54791bd4d1be080be45831962a09b64a8410077ec63e031,7,Generate smooth transition motion,4
TXT_INTER,L1_TXT_INTER_ETi40Bf-7SE_00037_146_221,TXT_INTER/L1_TXT_INTER_ETi40Bf-7SE_00037_146_221.txt,227,7605583a802284cbaf84453fafb5a9319ea3ab28300c3df672870dcf54e46e31,6,Generate smooth transition motion,3
TXT_INTER,L1_TXT_INTER_cFaOzwpOzQs_00012_0_161,TXT_INTER/L1_TXT_INTER_cFaOzwpOzQs_00012_0_161.txt,294,9997dff3409dc231e226de826c579f0d091c423a569d82178561556b6020d204,7,Generate smooth transition motion,4
TXT_INTER,L1_TXT_INTER_TFd9QWgOsJs_00017_433_509,TXT_INTER/L1_TXT_INTER_TFd9QWgOsJs_00017_433_509.txt,239,ee810438c3e788eb0e21319a99caad7c7d5323d18433bda1c33f1226d6ab4b7b,7,Generate smooth transition motion,4
TXT_INTER,L1_TXT_INTER_SJH8rENWvsM_00004_557_704,TXT_INTER/L1_TXT_INTER_SJH8rENWvsM_00004_557_704.txt,262,907c2c172546f9159477406dab86259218b516778615e32a2291a32a19388d5e,7,Generate smooth transition motion,4
TXT_INTER,L1_TXT_INTER_t0NhIiv_5DE_00056_0_799,TXT_INTER/L1_TXT_INTER_t0NhIiv_5DE_00056_0_799.txt,308,3710b22f7d0e5a7477b4a1f3e3d67451462c98d0b9d2e943a4ffba3e0c426071,7,Generate smooth transition motion,4
TXT_INTER,L1_TXT_INTER_EN6VrkJgzko_00001_735_858,TXT_INTER/L1_TXT_INTER_EN6VrkJgzko_00001_735_858.txt,271,d505ec605c9f2963c241b3c2fafb2d29cba4374286b59351d5a7f90ceebe145b,7,Generate smooth transition motion,4
TXT_INTER,L1_TXT_INTER_LDM9aXVAoOw_00001_0_133,TXT_INTER/L1_TXT_INTER_LDM9aXVAoOw_00001_0_133.txt,221,3ab295d6380eceae30e871b453ee7b54e310006e41dc910692733cd245c748d1,7,Generate smooth transition motion,4
TXT_INTER,L1_TXT_INTER_CKiWzvzWd1A_00019_434_577,TXT_INTER/L1_TXT_INTER_CKiWzvzWd1A_00019_434_577.txt,252,75630f84d2b37ad4bbf240c4b8db121d7ef6a982bafed38ccb49989e5e522a4d,6,Generate smooth transition motion,4
TXT_INTER,L1_TXT_INTER_VNO0tKUr5YQ_00048_0_90,TXT_INTER/L1_TXT_INTER_VNO0tKUr5YQ_00048_0_90.txt,236,ff1d6eb77bbcb0430c685b34a2bcbebc955dff4abbbc9fec9415a838c26f1ab2,7,Generate smooth transition motion,4
TXT_RETRO,L1_TXT_RETRO_LIELVlEjX4w_00008_0_252,TXT_RETRO/L1_TXT_RETRO_LIELVlEjX4w_00008_0_252.txt,245,7d87572fc6da5c4b1280480d7084447bfb31379ffb83e6920b9ece7d1de87b6e,7,Generate smooth preceding motion,1
TXT_RETRO,L1_TXT_RETRO_ia6znUrjxJg_00003_661_811,TXT_RETRO/L1_TXT_RETRO_ia6znUrjxJg_00003_661_811.txt,228,67a9767a641ec89677a23bda6519692b1742dadb73d5ef7a8ccc97a13404049b,7,Generate smooth preceding motion,1
TXT_RETRO,L1_TXT_RETRO_bBSJdMw8VeE_00030_92_303,TXT_RETRO/L1_TXT_RETRO_bBSJdMw8VeE_00030_92_303.txt,207,8f0e1d3107468f39dfe56ef811a86606b6b9785bb5ce4086077e11ee39689078,7,Generate smooth preceding motion,1
TXT_RETRO,L1_TXT_RETRO_kHFB8pVlFWE_00013_54_125,TXT_RETRO/L1_TXT_RETRO_kHFB8pVlFWE_00013_54_125.txt,209,1aeea69f1d808a6a33d7104e52b784d57bddcf62a55560c06fe9880751308ecc,7,Generate smooth preceding motion,1
TXT_RETRO,L1_TXT_RETRO_vKREmiZfeCs_00042_0_57,TXT_RETRO/L1_TXT_RETRO_vKREmiZfeCs_00042_0_57.txt,218,ed2b08d097de08d84755dedfaa1407e468ee00757d770da5a78698902766e36f,7,Generate smooth preceding motion,1
TXT_RETRO,L1_TXT_RETRO_LlGPKBlc6pI_00005_357_685,TXT_RETRO/L1_TXT_RETRO_LlGPKBlc6pI_00005_357_685.txt,218,b1b7987a20a04d54693814a143d27d2beaff116be2667d2bf9f8ff34998d583f,7,Generate smooth preceding motion,1
TXT_RETRO,L1_TXT_RETRO_ERBROtm1cAA_00037_23_103,TXT_RETRO/L1_TXT_RETRO_ERBROtm1cAA_00037_23_103.txt,225,9a67685df1e47e53925cd6e5e165bf0c029580bcf8374432cbbfa95d5cd31a8e,7,Generate smooth preceding motion,1
TXT_RETRO,L1_TXT_RETRO_xF_KTz_NwNI_00023_0_59,TXT_RETRO/L1_TXT_RETRO_xF_KTz_NwNI_00023_0_59.txt,190,231653ad67a59797f5b5c4057096a52e5412afe31f673fda058091c2e4ac63af,7,Generate smooth preceding motion,1
TXT_RETRO,L1_TXT_RETRO_J7jslO6BJjA_00012_0_153,TXT_RETRO/L1_TXT_RETRO_J7jslO6BJjA_00012_0_153.txt,100,48cd4d2c82b59b3e4a3c10ec4a24ce963ffed7097eb28e01d1aeb590f2f76ed5,3,Generate smooth preceding motion,1
TXT_RETRO,L1_TXT_RETRO_K0qAb1Ak4Ig_00005_0_64,TXT_RETRO/L1_TXT_RETRO_K0qAb1Ak4Ig_00005_0_64.txt,249,5dc3d27f77ee23ba1587ad13f701110dc9807de0d59b8ad7a40986caf1c4f484,7,Generate smooth preceding motion,1
