sample_id,source_relpath,bytes,sha256,nonempty_lines
L1_TXT_COMP_LEGS_--FJChk-svQ_00011_0_103,L1_TXT_COMP_LEGS_--FJChk-svQ_00011_0_103.txt,144,522e9b6ce6c7553ac4af1b291f95499dc9c906d6e85a6782e9343c10933b443c,4
L1_TXT_COMP_LEGS_--LSrsf1ORo_00006_591_654,L1_TXT_COMP_LEGS_--LSrsf1ORo_00006_591_654.txt,167,3ec898e0dee33a6f750bb21c34029f76d7e9690364b638edbf5453b887b6cef1,5
L1_TXT_COMP_LEGS_--NZxDzdwM0_00009_0_185,L1_TXT_COMP_LEGS_--NZxDzdwM0_00009_0_185.txt,153,408fdeab521047b7c193a22250a5155f4de52277447a5a884f6cde55761550bd,5
L1_TXT_COMP_LEGS_--WFaLyeUko_00009_0_92,L1_TXT_COMP_LEGS_--WFaLyeUko_00009_0_92.txt,129,875415f4ca9be6599e5ba8220d1f3b3edeeef6f1226347b95880a00e464beae1,3
L1_TXT_COMP_LEGS_--kEZt5FWH4_00001_0_62,L1_TXT_COMP_LEGS_--kEZt5FWH4_00001_0_62.txt,79,60c2880cc0fff424a465cf4c00e8c2d1407bb9f0192509463b056dd003ad425e,3
L1_TXT_COMP_LEGS_--nc0bj2xys_00002_0_242,L1_TXT_COMP_LEGS_--nc0bj2xys_00002_0_242.txt,195,720ecab311842d5b45d2f8d859a882392c43e120eb2fc708700d3f6648ea5d4a,5
L1_TXT_COMP_LEGS_-0VKaHJOcyQ_00002_88_239,L1_TXT_COMP_LEGS_-0VKaHJOcyQ_00002_88_239.txt,100,b11289dfc76a5c9cc753dc8b564165480de76f36080c5ee6e60d278d008fdb57,5
L1_TXT_COMP_LEGS_-0Xx-OZ-MRE_00018_16_64,L1_TXT_COMP_LEGS_-0Xx-OZ-MRE_00018_16_64.txt,112,52a8d7756db141eabb15ced7da7433ca337d3d57e01a0a98593d571b7abc7021,5
L1_TXT_COMP_LEGS_-0kMuQ8_tfw_00004_0_80,L1_TXT_COMP_LEGS_-0kMuQ8_tfw_00004_0_80.txt,167,475d2562254c5fe43c9d6f1bcff939b6391ba90bc74c2f2e75cc03d6ad865e4d,4
L1_TXT_COMP_LEGS_-0kMuQ8_tfw_00009_141_217,L1_TXT_COMP_LEGS_-0kMuQ8_tfw_00009_141_217.txt,89,6a7c917ddf75ed2c1429ab08e323599d11c25274c4221b3378bb474342fd7590,3
