task,sample_id,task_json_relpath,task_json_sha256,duration_seconds,target_start_seconds,target_end_seconds,target_duration_seconds,input_modalities
TXT_FORE,L1_TXT_FORE_wKH4hW8VQa8_00089_0_221,Tasks/Level1/temporal_completion/motion_prediction/text/L1_motion_prediction_text_wKH4hW8VQa8_00089_0_221.json,49f2c68dc11ece31bc48cbd0f0df57149c97d4f99b7b6cc56a4bfd09fcc401c3,7.408,3.0,7.408,4.408,text-only
TXT_FORE,L1_TXT_FORE_018GeKRWTmY_00017_0_462,Tasks/Level1/temporal_completion/motion_prediction/text/L1_motion_prediction_text_018GeKRWTmY_00017_0_462.json,62fc4855196bca8d9411643a3fa15c2900c99c6226e24a4fb23b8aeb53c1efe9,7.726,4.0,7.726,3.726,text-only
TXT_FORE,L1_TXT_FORE_knyyiMqBcMw_00003_150_451,Tasks/Level1/temporal_completion/motion_prediction/text/L1_motion_prediction_text_knyyiMqBcMw_00003_150_451.json,55e17ad5df1235d9bb3e36c7e38f70bda35d2563a06fbb5a4cd7dbd7dcac2a16,10.144,3.0,10.144,7.144,text-only
TXT_FORE,L1_TXT_FORE_M6GEGO3F2A8_00013_43_269,Tasks/Level1/temporal_completion/motion_prediction/text/L1_motion_prediction_text_M6GEGO3F2A8_00013_43_269.json,eed0f29ce2c492a8ef50d9754c9131e5f9d5e3420568758546229b7b050d31fb,7.641,3.5,7.641,4.141,text-only
TXT_FORE,L1_TXT_FORE_jjk7GL32SGw_00053_0_162,Tasks/Level1/temporal_completion/motion_prediction/text/L1_motion_prediction_text_jjk7GL32SGw_00053_0_162.json,ee681b60582ba735567ba72d6c1d30ba48949468dba7fab0bfba5abdcbd745c6,2.708,1.4,2.708,1.308,text-only
TXT_FORE,L1_TXT_FORE_IJ-Te-dWRws_00024_0_286,Tasks/Level1/temporal_completion/motion_prediction/text/L1_motion_prediction_text_IJ-Te-dWRws_00024_0_286.json,95aab79b47d99636def1873797dc99a2aa1cc8700d1ff99417777c91cfeecbc7,4.794,3.0,4.794,1.794,text-only
TXT_FORE,L1_TXT_FORE_JdU9_yDGLSg_00080_0_62,Tasks/Level1/temporal_completion/motion_prediction/text/L1_motion_prediction_text_JdU9_yDGLSg_00080_0_62.json,9b462ed7c6c9fcde6d1bf27634b64299234ea78151710de4a05e1eb3566ee536,2.48,1.4,2.48,1.08,text-only
TXT_FORE,L1_TXT_FORE_rI0vKhJjDrs_00000_190_304,Tasks/Level1/temporal_completion/motion_prediction/text/L1_motion_prediction_text_rI0vKhJjDrs_00000_190_304.json,88805d46e202f512de652d15f740272da8980c640764532beb8a9ea3b018b6e8,3.867,1.5,3.867,2.367,text-only
TXT_FORE,L1_TXT_FORE_rBhaXP2FNeg_00022_0_89,Tasks/Level1/temporal_completion/motion_prediction/text/L1_motion_prediction_text_rBhaXP2FNeg_00022_0_89.json,67c7635fa0056bbec5064ba78a96ff4334621ced7b3b88e5489c4ed8575f5a50,3.037,1.0,3.037,2.037,text-only
TXT_FORE,L1_TXT_FORE_HggKGLRcebo_00002_0_186,Tasks/Level1/temporal_completion/motion_prediction/text/L1_motion_prediction_text_HggKGLRcebo_00002_0_186.json,2919d694fca34404cb63a0a9cc245fe98bbffc143ccf814bb24e29981aa680e3,6.267,2.5,6.267,3.767,text-only
TXT_INTER,L1_TXT_INTER_rV_2eyCKZYo_00014_33_131,Tasks/Level1/temporal_completion/motion_interpolation/text/L1_motion_interpolation_text_rV_2eyCKZYo_00014_33_131.json,44226fb04123b6e13a24bd1fe5e98bded333161ff1e7d8454784aadc8bacb731,4.13,1.4,2.2,0.8,text-only
TXT_INTER,L1_TXT_INTER_ETi40Bf-7SE_00037_146_221,Tasks/Level1/temporal_completion/motion_interpolation/text/L1_motion_interpolation_text_ETi40Bf-7SE_00037_146_221.json,bec049b6c1e3c381ec42bc6a6325a998a9715dd7710893bf81fcd3e8a6f57a3e,3.17,0.8,2.6,1.8,text-only
TXT_INTER,L1_TXT_INTER_cFaOzwpOzQs_00012_0_161,Tasks/Level1/temporal_completion/motion_interpolation/text/L1_motion_interpolation_text_cFaOzwpOzQs_00012_0_161.json,cd7ad692019f7b3598fc5d39d7f7a0eef0a9a8750c8c9f36234c0f620c270f14,5.414,1.0,4.0,3.0,text-only
TXT_INTER,L1_TXT_INTER_TFd9QWgOsJs_00017_433_509,Tasks/Level1/temporal_completion/motion_interpolation/text/L1_motion_interpolation_text_TFd9QWgOsJs_00017_433_509.json,6b2891912cb5e655418e69db73e4f0d64ff93ba6ba9f6c58ca596011063ab3e8,3.08,0.6,1.5,0.9,text-only
TXT_INTER,L1_TXT_INTER_SJH8rENWvsM_00004_557_704,Tasks/Level1/temporal_completion/motion_interpolation/text/L1_motion_interpolation_text_SJH8rENWvsM_00004_557_704.json,a9091d51256f9f4b758360ec71afacb25277715efa5449f2200cd70b20cb3822,2.476,0.5,1.3,0.8,text-only
TXT_INTER,L1_TXT_INTER_t0NhIiv_5DE_00056_0_799,Tasks/Level1/temporal_completion/motion_interpolation/text/L1_motion_interpolation_text_t0NhIiv_5DE_00056_0_799.json,a57efcc2165e1a6f2234f031f5a5d42c5eb4ef64c6a840ef9aedf08fe799b4db,13.369,2.0,5.0,3.0,text-only
TXT_INTER,L1_TXT_INTER_EN6VrkJgzko_00001_735_858,Tasks/Level1/temporal_completion/motion_interpolation/text/L1_motion_interpolation_text_EN6VrkJgzko_00001_735_858.json,12cda0735b31306a2e850412e449136307c9ce67159caf778ca44c025a80754f,5.0,1.5,3.0,1.5,text-only
TXT_INTER,L1_TXT_INTER_LDM9aXVAoOw_00001_0_133,Tasks/Level1/temporal_completion/motion_interpolation/text/L1_motion_interpolation_text_LDM9aXVAoOw_00001_0_133.json,37f5a48986e735796a3192e5079201e0c1dff9935f7b1b8f272b81231a03ed89,2.68,0.6,1.3,0.7,text-only
TXT_INTER,L1_TXT_INTER_CKiWzvzWd1A_00019_434_577,Tasks/Level1/temporal_completion/motion_interpolation/text/L1_motion_interpolation_text_CKiWzvzWd1A_00019_434_577.json,2185fe8dce119c99028568b1b75a2a0e3009085646108def5b9f6a1bcf247f22,4.805,1.5,2.5,1.0,text-only
TXT_INTER,L1_TXT_INTER_VNO0tKUr5YQ_00048_0_90,Tasks/Level1/temporal_completion/motion_interpolation/text/L1_motion_interpolation_text_VNO0tKUr5YQ_00048_0_90.json,897abcfa7376dc190eb5b9e610ddcc9fbd9d5eca20a62aca1746ebb40d265dba,3.838,1.5,3.0,1.5,text-only
TXT_RETRO,L1_TXT_RETRO_LIELVlEjX4w_00008_0_252,Tasks/Level1/temporal_completion/motion_retrodiction/text/L1_motion_retrodiction_text_LIELVlEjX4w_00008_0_252.json,b36bbfd377eadef0eba873758af1ebb2e9a352efc29c9c664d0cd0788927f4c9,4.237,0.0,1.5,1.5,text-only
TXT_RETRO,L1_TXT_RETRO_ia6znUrjxJg_00003_661_811,Tasks/Level1/temporal_completion/motion_retrodiction/text/L1_motion_retrodiction_text_ia6znUrjxJg_00003_661_811.json,583aa02197cd2eb65227b834497d946956f2629a2b5f1f90aa097ca214f5a1c8,5.039,0.0,2.0,2.0,text-only
TXT_RETRO,L1_TXT_RETRO_bBSJdMw8VeE_00030_92_303,Tasks/Level1/temporal_completion/motion_retrodiction/text/L1_motion_retrodiction_text_bBSJdMw8VeE_00030_92_303.json,bda1aa196a53f3d9ea0457e4266dbad29610ead8702a961f9524e9658998e707,7.108,0.0,5.5,5.5,text-only
TXT_RETRO,L1_TXT_RETRO_kHFB8pVlFWE_00013_54_125,Tasks/Level1/temporal_completion/motion_retrodiction/text/L1_motion_retrodiction_text_kHFB8pVlFWE_00013_54_125.json,90d25ada03a7880756df12080b9cd2a2d88faa1b25a14b6af6120af687157a1f,2.403,0.0,0.7,0.7,text-only
TXT_RETRO,L1_TXT_RETRO_vKREmiZfeCs_00042_0_57,Tasks/Level1/temporal_completion/motion_retrodiction/text/L1_motion_retrodiction_text_vKREmiZfeCs_00042_0_57.json,07a1b7d33b887942a6e9b5a1289801ba72f687433319b4af39432e95c1a283d3,2.32,0.0,0.4,0.4,text-only
TXT_RETRO,L1_TXT_RETRO_LlGPKBlc6pI_00005_357_685,Tasks/Level1/temporal_completion/motion_retrodiction/text/L1_motion_retrodiction_text_LlGPKBlc6pI_00005_357_685.json,c34b9eac426268a1c03d74f501e1582404157e1daf932278d1e13c6fd6a90ca4,13.764,0.0,7.0,7.0,text-only
TXT_RETRO,L1_TXT_RETRO_ERBROtm1cAA_00037_23_103,Tasks/Level1/temporal_completion/motion_retrodiction/text/L1_motion_retrodiction_text_ERBROtm1cAA_00037_23_103.json,773247ae83a8fac8d508faa832dca7335818127f4a87719906887c08d932d181,3.421,0.0,1.1,1.1,text-only
TXT_RETRO,L1_TXT_RETRO_xF_KTz_NwNI_00023_0_59,Tasks/Level1/temporal_completion/motion_retrodiction/text/L1_motion_retrodiction_text_xF_KTz_NwNI_00023_0_59.json,f50eb2b8d903f2cee5fbea4ac881f73f69f6c2b21f22fd19c7de7d607b70a098,2.545,0.0,0.5,0.5,text-only
TXT_RETRO,L1_TXT_RETRO_J7jslO6BJjA_00012_0_153,Tasks/Level1/temporal_completion/motion_retrodiction/text/L1_motion_retrodiction_text_J7jslO6BJjA_00012_0_153.json,4e66749b73dd4bdd4d33843f673adc67dc58f1ef36713a40779904bef631ff1f,2.62,0.0,0.5,0.5,text-only
TXT_RETRO,L1_TXT_RETRO_K0qAb1Ak4Ig_00005_0_64,Tasks/Level1/temporal_completion/motion_retrodiction/text/L1_motion_retrodiction_text_K0qAb1Ak4Ig_00005_0_64.json,df8ee88a924365c54f09edac07fbad75c32ce6d81d32130eaee46ef15e4f541b,2.712,0.0,0.6,0.6,text-only
