task,file,source_name,sha256,bytes,nonempty_lines,placeholder_lines
TXT_GEN,TXT_GEN/L1_TXT_GEN_ZvlBOg_8Sb4_00000_322_400.txt,L1_TXT_GEN_ZvlBOg_8Sb4_00000_322_400.txt,051af7d9db22d48ebbe908ef828c5e1c53c74298fb6bc7f67cb71349c861a9ec,393,10,0
TXT_GEN,TXT_GEN/L1_TXT_GEN_vfdrjLit3eM_00008_0_115.txt,L1_TXT_GEN_vfdrjLit3eM_00008_0_115.txt,e8d0b3b7f524a5c3615e4123230eecaba9e9c0e6b90df09cb1efafbff748be7a,323,10,0
TXT_GEN,TXT_GEN/L1_TXT_GEN__mQPFKVC4aE_00011_0_60.txt,L1_TXT_GEN__mQPFKVC4aE_00011_0_60.txt,9306f2e4772c9a7824e5f96ef4b6750f979e09bab8ba3e73a6bfc550b93dbbb9,310,10,0
TXT_GEN,TXT_GEN/L1_TXT_GEN_j7GG8UOpKi0_00002_0_68.txt,L1_TXT_GEN_j7GG8UOpKi0_00002_0_68.txt,ce1f23f22ccbb2f687c3120ebae26cb2b223074db0525017e615cf75278f0602,117,5,0
TXT_GEN,TXT_GEN/L1_TXT_GEN_LatHx5rm1lI_00077_0_93.txt,L1_TXT_GEN_LatHx5rm1lI_00077_0_93.txt,fbd8fbd13b995178ecba3b9274cec08b163439c506d22255aff5690e81693044,291,9,0
TXT_GEN,TXT_GEN/L1_TXT_GEN_HTgVYb996kc_00076_117_220.txt,L1_TXT_GEN_HTgVYb996kc_00076_117_220.txt,0f9f64e152acb07adf7d985ebda54dd00c720c267e397e3b9a89e493b62d866d,241,8,0
TXT_GEN,TXT_GEN/L1_TXT_GEN_w72S6s58Knk_00004_0_88.txt,L1_TXT_GEN_w72S6s58Knk_00004_0_88.txt,2b659a74353445fc87c33dbac88bb385d3642a5a559e3f9ff0397b4079f5a5b9,249,10,0
TXT_GEN,TXT_GEN/L1_TXT_GEN_uUU8J7A7C3U_00054_0_103.txt,L1_TXT_GEN_uUU8J7A7C3U_00054_0_103.txt,10addd0d442dfe0265abcfb9a59d765bd4a400040efc7ed80a9457f98a7a53ac,343,8,0
TXT_GEN,TXT_GEN/L1_TXT_GEN_04j4mop1dBI_00046_0_81.txt,L1_TXT_GEN_04j4mop1dBI_00046_0_81.txt,e44cd91cfa3412ef0d6d66e15aa34fb16a936130af211aa711aff14be390a942,238,8,0
TXT_GEN,TXT_GEN/L1_TXT_GEN_HDZ4wpwPcaU_00035_1305_1421.txt,L1_TXT_GEN_HDZ4wpwPcaU_00035_1305_1421.txt,e5b373e68cd26df2a225c3d116aa1ee10a94d8181fd00244e4f111e10b39299b,232,9,0
TXT_FORE,TXT_FORE/L1_TXT_FORE_b9m6sRcFrms_00006_0_108.txt,L1_TXT_FORE_b9m6sRcFrms_00006_0_108.txt,9f13f1cbf6350b0b47a75e83afad48e8c613d5ef190a2a11f2160b1388844a3a,217,7,1
TXT_FORE,TXT_FORE/L1_TXT_FORE_DQD_F_9n8hI_00000_0_1140.txt,L1_TXT_FORE_DQD_F_9n8hI_00000_0_1140.txt,6d22d85e7c5e5dcc96d0f7f3ca2935fe1159901adeb11bfa2330ea19d212382c,243,7,1
TXT_FORE,TXT_FORE/L1_TXT_FORE_rCKBCnPWUzs_00011_0_138.txt,L1_TXT_FORE_rCKBCnPWUzs_00011_0_138.txt,9f3b2e57fe56f85dbaaba242bf1e27f6b1d2c3f3a23597489864be47e9885cd5,257,7,1
TXT_FORE,TXT_FORE/L1_TXT_FORE_RQZ1qJc7vKk_00005_61_185.txt,L1_TXT_FORE_RQZ1qJc7vKk_00005_61_185.txt,c9f4106071f3049cf3b44701f80e585e04ad405e1c996e91c434ff800a1150cc,298,7,1
TXT_FORE,TXT_FORE/L1_TXT_FORE_RViaveKDd48_00020_0_174.txt,L1_TXT_FORE_RViaveKDd48_00020_0_174.txt,439769fbe768e65a07fc07259430e1439411c179453e2516c85a128e6e101096,236,7,1
TXT_FORE,TXT_FORE/L1_TXT_FORE_baFmaewLieM_00009_0_61.txt,L1_TXT_FORE_baFmaewLieM_00009_0_61.txt,96f1eb0c6affed4d99ca5ee9191b4429bb27d5b0a21fb3f2b1d179a7ba504784,301,7,1
TXT_FORE,TXT_FORE/L1_TXT_FORE_JobYlYzJCDc_00004_179_380.txt,L1_TXT_FORE_JobYlYzJCDc_00004_179_380.txt,0b1013059d0f64574522ebc405bb6e6bf87f4509e8d6689445913df5c8680460,245,7,1
TXT_FORE,TXT_FORE/L1_TXT_FORE_ug0LqzSDfuQ_00044_129_207.txt,L1_TXT_FORE_ug0LqzSDfuQ_00044_129_207.txt,e8ad63ec8ba0961a2aba96ab608e312eb149dd8c8e7bd16b4b4ff25721095492,250,7,1
TXT_FORE,TXT_FORE/L1_TXT_FORE_d6L5btPRHq8_00047_0_166.txt,L1_TXT_FORE_d6L5btPRHq8_00047_0_166.txt,f8e431b5015e33843d11978a9ae2bc1a09ebf76e2a6569734efd1d83b4b7ff29,245,7,1
TXT_FORE,TXT_FORE/L1_TXT_FORE_LGm-CIZ5Yxk_00012_0_330.txt,L1_TXT_FORE_LGm-CIZ5Yxk_00012_0_330.txt,7b6edfb0f5721437c2a438da3b8c2c70057efcdb731a11433165cd33443f4570,245,7,1
TXT_INTER,TXT_INTER/L1_TXT_INTER_KGqav_-w_qM_00008_665_780.txt,L1_TXT_INTER_KGqav_-w_qM_00008_665_780.txt,532316b273efc4bcec7676cfdd35a5ff4f1b67a290646565604b69dde00ba3b7,270,7,1
TXT_INTER,TXT_INTER/L1_TXT_INTER_tc4rTzMKQnw_00065_5_190.txt,L1_TXT_INTER_tc4rTzMKQnw_00065_5_190.txt,3711a74cd660e252c195237bcf113a6c26c321b99b4cc787b822ef001dc42d69,297,7,1
TXT_INTER,TXT_INTER/L1_TXT_INTER_tu9PY6X1Ctg_00011_246_495.txt,L1_TXT_INTER_tu9PY6X1Ctg_00011_246_495.txt,0a28c29e57dce05c18b9a40ec69c83ec6fbd42dd9ff245cf00453c22da1ac477,245,7,1
TXT_INTER,TXT_INTER/L1_TXT_INTER_Sej9xRwwgPI_00010_508_754.txt,L1_TXT_INTER_Sej9xRwwgPI_00010_508_754.txt,ee3243e1a8a5045f7f53ed2fdcb85013f6a499bd4f8245bb7f1545d914acdaf5,334,7,1
TXT_INTER,TXT_INTER/L1_TXT_INTER_D-Q4aDuX3wY_00002_0_216.txt,L1_TXT_INTER_D-Q4aDuX3wY_00002_0_216.txt,281f54e937df9bd1c337d8f703b40938cab1ca9f5c40e6fc7a7d37adce7112a0,276,7,1
TXT_INTER,TXT_INTER/L1_TXT_INTER_MjheeO8syjU_00004_0_197.txt,L1_TXT_INTER_MjheeO8syjU_00004_0_197.txt,0bee039511e571c66ed6995eaf48c644dd6b929dba24fae005022975f348bef9,142,7,1
TXT_INTER,TXT_INTER/L1_TXT_INTER_hzlhgKt_A6Y_00005_0_85.txt,L1_TXT_INTER_hzlhgKt_A6Y_00005_0_85.txt,7ac0602267980483f61bd4aa293d1f35adf7f6c6e33ab1410d89ddf10b72ea68,223,7,1
TXT_INTER,TXT_INTER/L1_TXT_INTER_iIaC4zolJ5Y_00039_184_336.txt,L1_TXT_INTER_iIaC4zolJ5Y_00039_184_336.txt,d75b650abf2a041f684e6840d501ddb51f6494d197b8740a06327ff7ec870cbc,226,7,1
TXT_INTER,TXT_INTER/L1_TXT_INTER_kdb82tZTFzY_00036_136_212.txt,L1_TXT_INTER_kdb82tZTFzY_00036_136_212.txt,0be6cd9c7b55fb2666a85925ce4bc182ed94a5341622e790e8634a09fe57a56e,189,7,1
TXT_INTER,TXT_INTER/L1_TXT_INTER_tYi23Gsg6Is_00018_0_98.txt,L1_TXT_INTER_tYi23Gsg6Is_00018_0_98.txt,41e9be55cffb7f1c36f0a90a51fd3391bb40c188f53f9d697826575305413053,227,7,1
TXT_RETRO,TXT_RETRO/L1_TXT_RETRO_Rbj_Jw8PRks_00036_31_140.txt,L1_TXT_RETRO_Rbj_Jw8PRks_00036_31_140.txt,48436fc8d63ed431a5afe9b512d9093e80780094889774147243bc5484cc0ba5,217,7,1
TXT_RETRO,TXT_RETRO/L1_TXT_RETRO_0ZT09-n1i_k_00065_0_121.txt,L1_TXT_RETRO_0ZT09-n1i_k_00065_0_121.txt,daeb36be1293ad84b1e9dd0ae77616d3d0bd15aaaebdb2d04c98837e190ec845,190,7,1
TXT_RETRO,TXT_RETRO/L1_TXT_RETRO__P0ev4jeDMA_00004_0_70.txt,L1_TXT_RETRO__P0ev4jeDMA_00004_0_70.txt,52cf810c19396c08ac43689cd3d880476faa93da696088bce5992fbc6c836899,166,7,1
TXT_RETRO,TXT_RETRO/L1_TXT_RETRO_LarIvhXcR4E_00006_0_81.txt,L1_TXT_RETRO_LarIvhXcR4E_00006_0_81.txt,1d5df4f0909db5a943281406d2781fa05b2d930f8e0e62861a05fbb0298eb0b3,174,7,1
TXT_RETRO,TXT_RETRO/L1_TXT_RETRO_Hj1kNZr4MLA_00011_0_253.txt,L1_TXT_RETRO_Hj1kNZr4MLA_00011_0_253.txt,a9d88e24008903ea4835b6f1997d10d56de6e310e464a5355a0053b2571e9451,194,7,1
TXT_RETRO,TXT_RETRO/L1_TXT_RETRO_RDGasGICm5c_00017_0_75.txt,L1_TXT_RETRO_RDGasGICm5c_00017_0_75.txt,64ba2d7e55c9448ba664094b0cf3cb2d4aa4682a5299560e98c14a1a96e79a9a,198,7,1
TXT_RETRO,TXT_RETRO/L1_TXT_RETRO_DbadNY-NCwc_00022_722_844.txt,L1_TXT_RETRO_DbadNY-NCwc_00022_722_844.txt,ce3cb6a296b71a506f4366c87f33dcea3f16ed8a62fff88456cb41080a7fd44b,235,7,1
TXT_RETRO,TXT_RETRO/L1_TXT_RETRO_sUgNnqxYSHQ_00004_837_1180.txt,L1_TXT_RETRO_sUgNnqxYSHQ_00004_837_1180.txt,8fb3f3e31067f0cfba57808cef31118420060bdee48ffc5655d82d937e27409b,256,7,1
TXT_RETRO,TXT_RETRO/L1_TXT_RETRO_KW_RfzsM89Y_00058_0_842.txt,L1_TXT_RETRO_KW_RfzsM89Y_00058_0_842.txt,f3397ffcc3f7960a7b080a239cb769dd31253adf2dcc7078a80ee91aad2ccc2c,232,7,1
TXT_RETRO,TXT_RETRO/L1_TXT_RETRO_SAnHUZrUuzk_00015_49_116.txt,L1_TXT_RETRO_SAnHUZrUuzk_00015_49_116.txt,7b753a364a6664eb9481a5a61123eaafe24ea522925225feb35be6dfb63667d0,269,7,1
